10en,steam,NameComment
0x67E838,0x67D838,IdentityMatrix
0x67E9C8,0x67D9C8,riid
0x67E9D8,0x67D9D8,rclsid
0x67EC9C,0x67DC9C,iid
0x67EE9C,0x67DE9C,stDiDataFormat
0x67FC90,0x67EC90,_RwD3D8PrimConv
0x680074,0x67F074,TlsDirectory
0x680078,0x67F078,TlsEnd_ptr
0x68007C,0x67F07C,TlsIndex_ptr
0x680080,0x67F080,TlsCallbacks_ptr
0x680084,0x67F084,TlsSizeOfZeroFill
0x680088,0x67F088,TlsCharacteristics
0x68308C,0x68208C,CAnimBlendAssociation_VTable
0x6830C0,0x6820C0,CAnimBlendSequence_VTable
0x6830C8,0x6820C8,fAnimZero
0x6830CC,0x6820CC,fAnimOne
0x683190,0x682190,fAnimZeroA
0x6857B0,0x6847B0,stAnimGroupTexts
0x6857B4,0x6847B4,pszAnimSectionName
0x6857B8,0x6847B8,nInitModelIndex
0x6857BC,0x6847BC,nGroupAnimCount
0x6857C0,0x6847C0,nGroupAnimNames
0x6857C4,0x6847C4,nGroupAnimInfoList
0x68658C,0x68558C,CBuilding_VTable
0x6865DC,0x6855DC,CTreadable_VTable
0x686DBC,0x685DBC,a
0x686FC8,0x685FC8,fCarDensity
0x686FCC,0x685FCC,dwSpawnVehicleLimit
0x687138,0x686138,fDestructRngOffscrVeh
0x687598,0x686598,fGameLogicCamFade2
0x688098,0x687098,PickupTextParameters
0x688784,0x687784,Opcode200To300
0x688D0C,0x687D0C,Opcode100To200
0x689238,0x688238,Opcode000To100
0x689514,0x688514,Opcode400To500
0x6898F8,0x6888F8,Opcode700To800
0x68A83C,0x68983C,range
0x68AE2C,0x689E2C,fCamDistFromPlayer
0x68B360,0x68A360,CDummy_VTable
0x68B5DC,0x68A5DC,CEntity_VTable
0x68BD50,0x68AD50,CFileMgr::ms_rootDirName
0x68BF04,0x68AF04,blue
0x68D078,0x68C078,fMultiplyByHalf
0x68DD64,0x68CD64,CGame::bDemoMode
0x68DD68,0x68CD68,CGame::nastyGame
0x68DD84,0x68CD8C,fDefaultFOV
0x68E494,0x68D49C,splashTxdId
0x68E4BC,0x68D4C4,pSplashNameArray
0x68E810,0x68D818,wMIDTrafficLight1
0x68E814,0x68D81C,wMIDMTraffic4
0x68E818,0x68D820,wMIDMTraffic1
0x68E81C,0x68D824,wMIDMTraffic2
0x68E820,0x68D828,wMIDLampPost1
0x68E824,0x68D82C,wMIDLampPost2
0x68E828,0x68D830,wMIDLampPost3
0x68E82C,0x68D834,wMIDDoubleStreetLght1
0x68E830,0x68D838,wMIDStreetlamp1
0x68E834,0x68D83C,wMIDStreetlamp2
0x68E838,0x68D840,wMIDVeg_Tree3
0x68E83C,0x68D844,wMIDVeg_Treea1
0x68E840,0x68D848,wMIDVeg_Treeb1
0x68E844,0x68D84C,wMIDVeg_Treea3
0x68E848,0x68D850,wMIDDoc_Crane_Cab0
0x68E84C,0x68D854,wMIDDoc_Crane_Cab01
0x68E850,0x68D858,wMIDDoc_Crane_Cab02
0x68E854,0x68D85C,wMIDDoc_Crane_Cab03
0x68E858,0x68D860,wMIDBoatCranelg0
0x68E85C,0x68D864,wMIDLODnetopa0
0x68E860,0x68D868,wMIDParkingMeter
0x68E864,0x68D86C,wMIDParkingMeterg
0x68E868,0x68D870,wMIDMall_Fans
0x68E86C,0x68D874,wMIDHtl_Fan_Rotate_Nt
0x68E870,0x68D878,WMIDHtl_Fan_Rotate_Dy
0x68E874,0x68D87C,wMIDHotRoomFan
0x68E878,0x68D880,wMIDPhoneBooth1
0x68E87C,0x68D884,wMIDWasteBin
0x68E880,0x68D888,wMIDBin1
0x68E884,0x68D88C,wMIDPostBox1
0x68E888,0x68D890,wMIDNewsStand1
0x68E88C,0x68D894,wMIDTrafficCone
0x68E890,0x68D898,wMIDDump1
0x68E894,0x68D89C,wMIDRoadWorkBarrier1
0x68E898,0x68D8A0,wMIDBusSign1
0x68E89C,0x68D8A4,wMIDNoParkingSign1
0x68E8A0,0x68D8A8,wMIDPhoneSign
0x68E8A4,0x68D8AC,wMIDFireHydrant
0x68E8A8,0x68D8B0,wMIDPackage1
0x68E8AC,0x68D8B4,wMIDMoney
0x68E8B0,0x68D8B8,wMIDBarrel1
0x68E8B4,0x68D8BC,wMID_Dk_Paynspraydoor
0x68E8B8,0x68D8C0,wMID_Dk_Waretankdoor1
0x68E8BC,0x68D8C4,wMIDHav_Garagedoor1
0x68E8C0,0x68D8C8,wMIDHav_Garagedoor02
0x68E8C4,0x68D8CC,wMIDHav_Garagedoor03
0x68E8C8,0x68D8D0,wMIDHav_Garagedoor04
0x68E8CC,0x68D8D4,wMIDLh_Showdoor03
0x68E8D0,0x68D8D8,wMIDLh_Showdoor1
0x68E8D4,0x68D8DC,wMIDLhtankdoor
0x68E8D8,0x68D8E0,wMIDNbtgardoor
0x68E8DC,0x68D8E4,wMIDDk_Camjonesdoor
0x68E8E0,0x68D8E8,wMIDNbtgardoor02
0x68E8E4,0x68D8EC,wMIDDt_savedra
0x68E8E8,0x68D8F0,wMIDDt_savedrb
0x68E8EC,0x68D8F4,wMIDDk_bombdoor
0x68E8F0,0x68D8F8,wMIDHaiwshpnsdoor
0x68E8F4,0x68D8FC,wMIDWshpnsdoor
0x68E8F8,0x68D900,wMIDNbecpnsdoor
0x68E8FC,0x68D904,wMIDNbtgardoor03
0x68E900,0x68D908,wMIDDt_Savedrc
0x68E904,0x68D90C,wMIDDt_Savedrd
0x68E908,0x68D910,wMIDMan_FrntstepGD
0x68E90C,0x68D914,wMIDSvegrgedoor
0x68E910,0x68D918,wMIDBarrel2
0x68E914,0x68D91C,wMIDBriefcase
0x68E918,0x68D920,wMIDGlasssmash
0x68E91C,0x68D924,wMIDGlassfx_Composh
0x68E920,0x68D928,wMIDBarrel4
0x68E924,0x68D92C,wMIDAdrenaline
0x68E928,0x68D930,wMIDBodyarmour
0x68E92C,0x68D934,wMIDInfo
0x68E930,0x68D938,wMIDHealth
0x68E934,0x68D93C,wMIDBonus
0x68E938,0x68D940,wMIDBribe
0x68E93C,0x68D944,wMIDKillFrenzy
0x68E940,0x68D948,wMIDCamerapickup
0x68E944,0x68D94C,wMIDBigdollar
0x68E948,0x68D950,wMIDPickupsave
0x68E94C,0x68D954,wMIDProperty_Locked
0x68E950,0x68D958,wMIDProperty_Fsale
0x68E954,0x68D95C,wMIDClothesp
0x68E958,0x68D960,wMIDBollardlight
0x68E95C,0x68D964,wMIDBar_Barrier10
0x68E960,0x68D968,wMIDBar_Barrier12
0x68E964,0x68D96C,wMIDPetrolpump
0x68E968,0x68D970,wMIDWashgaspump
0x68E96C,0x68D974,wMIDBouy
0x68E970,0x68D978,wMIDParktable1
0x68E974,0x68D97C,wMIDLamppost1
0x68E978,0x68D980,wMIDVeg_Palm04
0x68E97C,0x68D984,wMIDVeg_Palwee02
0x68E980,0x68D988,wMIDVeg_Palmkbb11
0x68E984,0x68D98C,wMIDVeg_Palmkb4
0x68E988,0x68D990,wMIDVeg_Palm02
0x68E98C,0x68D994,wMIDVeg_Palmkb3
0x68E990,0x68D998,wMIDVeg_Palmbig14
0x68E994,0x68D99C,wMIDVeg_Palm01
0x68E998,0x68D9A0,wMIDMlamppost
0x68E99C,0x68D9A4,wMIDRoadworkbarrier
0x68E9A0,0x68D9A8,wMIDLittleha_Police
0x68E9A4,0x68D9AC,wMIDTelgrphpole02
0x68E9A8,0x68D9B0,wMIDTrafficlight1
0x68E9AC,0x68D9B4,wMIDParkbench1
0x68E9B0,0x68D9B8,wMIDPlc_Stinger
0x68E9B4,0x68D9BC,wMIDOd_Lightbeam
0x68E9B8,0x68D9C0,wMIDAp_Radar1_01
0x68E9BC,0x68D9C4,wMIDRcbomb
0x68E9C0,0x68D9C8,wMIDBeachball
0x68E9C4,0x68D9CC,wMIDSandcastle1
0x68E9C8,0x68D9D0,wMIDSandcastle2
0x68E9CC,0x68D9D4,wMIDJellyfish
0x68E9D0,0x68D9D8,wMIDJellyfish01
0x68E9D4,0x68D9DC,wMIDFish1single
0x68E9D8,0x68D9E0,wMIDFish1s
0x68E9DC,0x68D9E4,wMIDFish2single
0x68E9E0,0x68D9E8,wMIDFish2s
0x68E9E4,0x68D9EC,wMIDFish3single
0x68E9E8,0x68D9F0,wMIDFish3s
0x68E9EC,0x68D9F4,wMIDTurtle
0x68E9F0,0x68D9F8,wMIDDolphin
0x68E9F4,0x68D9FC,wMIDShark
0x68E9F8,0x68DA00,wMIDSubmarine
0x68E9FC,0x68DA04,wMIDEsc_Step
0x68EA00,0x68DA08,wMIDLounge_Wood_Up
0x68EA04,0x68DA0C,wMIDLounge_Towel_Up
0x68EA08,0x68DA10,wMIDLounge_Wood_Dn
0x68EA0C,0x68DA14,wMIDLotion
0x68EA10,0x68DA18,wMIDBeachtowel01
0x68EA14,0x68DA1C,wMIDBeachtowel02
0x68EA18,0x68DA20,wMIDBeachtowel03
0x68EA1C,0x68DA24,wMIDBeachtowel04
0x68EA20,0x68DA28,wMIDBlimp_Night
0x68EA24,0x68DA2C,wMIDBlimp_Day
0x68EA28,0x68DA30,wMIDYt_Main_Body
0x68EA2C,0x68DA34,wMIDYt_Main_Body2
0x68F1F4,0x68E1FC,fGmSpeedInc
0x68F1FC,0x68E204,fGmSpeedDec
0x68F59C,0x68E5A4,fPhysDivideBy2
0x68F5DC,0x68E5E4,damageFactor
0x68F5F0,0x68E5F8,fGravity
0x68F660,0x68E668,fPhysDivideBy50
0x68F664,0x68E66C,fPhysSectorOffsetX
0x68F668,0x68E670,fPhysSectorOffsetY
0x68F6B4,0x68E6BC,CPhysical_VTable
0x68F958,0x68E960,bSphereColorR
0x68F959,0x68E961,bSphereColorG
0x68F95A,0x68E962,bSphereColorB
0x68F95B,0x68E963,bSphereColorA
0x68F95C,0x68E964,bMarkerColorR
0x68F95D,0x68E965,bMarkerColorG
0x68F95E,0x68E966,bMarkerColorB
0x68F95F,0x68E967,bMarkerColorA
0x68F968,0x68E970,aRadarSpriteList
0x69034C,0x68F354,fOneHundredPercent
0x690468,0x68F470,fGameUnitsToMiles
0x691010,0x690018,dwPerfFrequency
0x691014,0x69001C,CTimer::m_snTimeInMillisecondsPauseMode
0x6910D8,0x6900E0,nWantedMaxLevel
0x6910DC,0x6900E4,nWantedMaxPoints
0x69135C,0x690364,fWorldBorderLeft
0x691360,0x690368,fWorldBorderTop
0x691364,0x69036C,fWorldBorderRight
0x691368,0x690370,fWorldBorderBottom
0x69158C,0x690594,CCutsceneObject_VTable
0x6915DC,0x6905E4,CDummyObject_VTable
0x6917A0,0x6907A8,CObject_VTable
0x691A10,0x690A18,CProjectile_VTable
0x691A68,0x690A70,y2
0x691A9C,0x690AA4,fWeatherTooRainyForPedFx
0x691BAC,0x690BB4,CCivilianPed_VTable
0x691CE4,0x690CEC,CCopPed_VTable
0x691D78,0x690D80,CEmergencyPed_VTable
0x691E34,0x690E3C,x1
0x691E3C,0x690E44,fPedOne
0x69272C,0x691734,CPed_VTable
0x69414C,0x693154,x2
0x694A7C,0x693A84,y1
0x694D70,0x693D78,CPlayerPed_VTable
0x695100,0x694108,CBaseModelInfo_VTable
0x695190,0x694198,RainbowR
0x695198,0x6941A0,RainbowG
0x6951A0,0x6941A8,RainbowB
0x695538,0x694540,gpCoronaTexture
0x69567C,0x694684,fCoronas_LightsMult
0x695878,0x694880,green
0x69592C,0x694934,fCoronaWorldBorderLeft
0x695930,0x694938,fCoronaWorldBorderTop
0x695934,0x69493C,fCoronaWorldBorderRight
0x695938,0x694940,fCoronaWorldBorderBottom
0x696658,0x695660,CDraw::ms_fFOV
0x697A68,0x696A70,SCALE_X
0x697A6C,0x696A74,SCREEN_HALF_PERCENT
0x697A70,0x696A78,SCALE_Y
0x697A74,0x696A7C,SCREEN_MAX_X
0x697A78,0x696A80,SCREEN_MAX_Y
0x697AF4,0x696AFC,fHudTransparency
0x697B10,0x696B18,fDistNameRightX
0x697B14,0x696B1C,fMsgBoxY
0x697B18,0x696B20,rhw
0x697B20,0x696B28,fHudTxtHScale
0x697B50,0x696B58,fHudTxtVScale
0x697B54,0x696B5C,fMoneyTopY
0x697B58,0x696B60,fMoneyRightX
0x697B68,0x696B70,fWepIconScale2
0x697B6C,0x696B74,fWepIconTopY
0x697B70,0x696B78,fWepIconRightX
0x697B74,0x696B7C,fWepAmmoVScale
0x697C0C,0x696C14,fRadarScale
0x697C10,0x696C18,fRadarShadowScale
0x697C18,0x696C20,fRadarBottomY
0x697C1C,0x696C24,fRadarHScale
0x697C20,0x696C28,fRadarVScale
0x697C38,0x696C40,fMsgBoxTxtTransp
0x697C3C,0x696C44,fMsgBoxTime
0x697C40,0x696C48,fMsgBoxVScale
0x697C44,0x696C4C,fMsgBoxHScale
0x697C48,0x696C50,fMsgBoxLeftX
0x697C4C,0x696C54,fMsgBoxTransp
0x697FD4,0x696FDC,CTimeModelInfo_VTable
0x698004,0x69700C,CSimpleModelInfo_VTable
0x698034,0x69703C,CWeaponModelInfo_VTable
0x698064,0x69706C,CVehicleModelInfo_VTable
0x698094,0x69709C,CClumpModelInfo_VTable
0x6980C4,0x6970CC,CPedModelInfo_VTable
0x698300,0x697308,nParticleCreationInterval
0x698304,0x69730C,PARTICLE_WIND_TEST_SCALE
0x698308,0x697310,fParticleScaleLimit
0x698780,0x697788,ParticleFilename
0x699CB8,0x698CC0,dwDefaultVehicleColor
0x699EC0,0x698EC8,Windyness
0x699EDC,0x698EE4,CWeather::SoundHandle
0x699EE0,0x698EE8,CWeather::StreamAfterRainTimer
0x699EE4,0x698EEC,WeatherTypesList
0x699F64,0x698F6C,WeatherTypesList_WithHurricanes
0x69A130,0x699130,bUseRelativeMatrix
0x69A140,0x699140,pExtraDirectionals
0x69A1C8,0x6991C8,dwAtomicVisibilityExtOffset
0x69A1CC,0x6991CC,dwFrameVisibilityExtOffset
0x69A1D0,0x6991D0,dwClumpVisibilityExtOffset
0x69A5DC,0x6995DC,red
0x69A644,0x699644,fCarMomentum
0x69A890,0x699890,fCarWorldBorderLeft
0x69A894,0x699894,fCarWorldBorderTop
0x69A898,0x699898,fCarWorldBorderRight
0x69A89C,0x69989C,fCarWorldBorderBottom
0x69AD90,0x699D90,CAutomobile_VTable
0x69B0B4,0x69A0B4,CBoat_VTable
0x69B348,0x69A348,fDoorAnimSpeed
0x69BF1C,0x69AF1C,CDAPFN_PROPERTIES CDAPFN0506_StartCatalinaFlyBy
0x69BFA0,0x69AFA0,CDAPFN_PROPERTIES CDAPFN0506_CDAPFN0506_X_StartCatalinaFlyBy
0x69C064,0x69B064,fPolChopWorldBorderLeft
0x69C068,0x69B068,fPolChopWorldBorderTop
0x69C06C,0x69B06C,fPolChopWorldBorderRight
0x69C070,0x69B070,fPolChopWorldBorderBottom
0x69C21C,0x69B21C,CHeli_VTable
0x69C3F8,0x69B3F8,CPlane_VTable
0x69C508,0x69B508,CTrain_VTable
0x69C9F4,0x69B9F4,CVehicle_VTable
0x69CA98,0x69BA98,CDAPFN_PROPERTIES CDAPFN0506_WaterLevelInitialise
0x69CA9C,0x69BA9C,dwWaterLevelInitLoop
0x69CAA4,0x69BAA4,pfnWaterLevelInit
0x69CB1C,0x69BB1C,CDAPFN_PROPERTIES CDAPFN0506_CDAPFN0506_X_WaterLevelInitialise
0x69CBA0,0x69BBA0,rgbWaterClear
0x69CBA4,0x69BBA4,rgbWaterSandy
0x69D004,0x69C004,size
0x69D010,0x69C010,power
0x69D1C0,0x69C1C0,step
0x69D498,0x69C498,fWeapon180
0x69D49C,0x69C49C,fWeaponOneDivPI
0x69D4A0,0x69C4A0,fWeaponPIDiv180
0x69D99C,0x69C99C,lpWeaponList
0x69DA30,0x69CA30,dwMaxAmmos
0x6A542C,0x6A442C,gDefaultEaxParameters
0x6C5F05,0x6C4EFD,aAudioBust_02_wav_0
0x6D59FC,0x6D49F4,dwIsCameraNotBeingUpdated
0x6D5A14,0x6D4A0C,lpClassName
0x6D5E54,0x6D4E4C,szNullStringDir
0x6D5E58,0x6D4E50,fMultiplyResByHalf
0x6D7B34,0x6D6B04,CBike_VTable
0x6D8B70,0x6D7B40,gMenuPages
0x6DB694,0x6DA664,fovValue
0x6DB828,0x6DA7F8,dwRealShadowCamClearColor
0x6DB8E8,0,gb_UseD3DResourceBuffering
0x6DBAF0,0x6DAAD8,CStingerSegment_VTable
0x6DBCA4,0x6DAC8C,dwCivilianFxFrequency
0x6DBE10,0x6DADF8,CPedIceCreamVanAttractor_VTable
0x6DBE38,0x6DAE20,CPedShelterAttractor_VTable
0x6DBE60,0x6DAE48,CPedPizzaAttractor_VTable
0x6DBE88,0x6DAE70,CPedStopAttractor_VTable
0x6DBEB0,0x6DAE98,CPedSeatAttractor_VTable
0x6DBED8,0x6DAEC0,CPedAtmAttractor_VTable
0x6DBF00,0x6DAEE8,CPedAttractor_VTable
0x6DCB28,0x6DBAC0,_rwRasterConvTable
0x6DCDF8,0x6DBD90,szCharset1
0x6DCEF8,0x6DBE90,szCharset2
0x6DD090,0x6DC028,atomicTKList
0x6DD0A8,0x6DC040,clumpTKList
0x6DD0C0,0x6DC058,_rpAtomicFreeListBlockSize
0x6DD0C4,0x6DC05C,_rpAtomicFreeListPreallocBlocks
0x6DD0C8,0x6DC060,_rpClumpFreeListBlockSize
0x6DD0CC,0x6DC064,_rpClumpFreeListPreallocBlocks
0x6DD4E0,0x6DC478,engineTKList
0x6DD614,0x6DC5AC,_rwMatrixFreeListBlockSize
0x6DD618,0x6DC5B0,_rwMatrixFreeListPreallocBlocks
0x6DD638,0,frameTKList
0x6DDAEC,0x6DCA84,cameraTKList
0x6DDB04,0x6DCA9C,_rwCameraFreeListBlockSize
0x6DDB08,0x6DCAA0,_rwCameraFreeListPreallocBlocks
0x6DDB50,0x6DCAE8,geometryTKList
0x6DDB68,0x6DCB00,_rtAnimAnimationFreeListBlockSize
0x6DDB6C,0x6DCB04,_rtAnimAnimationFreeListPreallocBlocks
0x6DDB70,0x6DCB08,textureTKList
0x6DDB88,0x6DCB20,texDictTKList
0x6DDBA0,0x6DCB38,_rwTextureFreeListBlockSize
0x6DDBA4,0x6DCB3C,_rwTextureFreeListPreallocBlocks
0x6DDBA8,0x6DCB40,_rwTexDictionaryFreeListBlockSize
0x6DDBAC,0x6DCB44,_rwTexDictionaryFreeListPreallocBlocks
0x6DDC38,0x6DCBD0,imageTKList
0x6DDC50,0x6DCBE8,_rwImageFreeListBlockSize
0x6DDC54,0x6DCBEC,_rwImageFreeListPreallocBlocks
0x6DDC5C,0x6DCBF4,_rwImageFormatFreeListPreallocBlocks
0x6DDC78,0x6DCC10,_rpTieFreeListBlockSize
0x6DDC7C,0x6DCC14,_rpTieFreeListPreallocBlocks
0x6DDC80,0x6DCC18,_rpLightTieFreeListBlockSize
0x6DDC84,0x6DCC1C,_rpLightTieFreeListPreallocBlocks
0x6DDC88,0x6DCC20,worldTKList
0x6DDCA0,0x6DCC38,rasterTKList
0x6DDCB8,0x6DCC50,_rwRasterFreeListBlockSize
0x6DDCBC,0x6DCC54,_rwRasterFreeListPreallocBlocks
0x6DDCC0,0x6DCC58,materialTKList
0x6DDCD8,0x6DCC70,defaultSurfaceProperties
0x6DDCE4,0x6DCC7C,_rpMaterialFreeListBlockSize
0x6DDCE8,0x6DCC80,_rpMaterialFreeListPreallocBlocks
0x6DDD58,0x6DCCF0,__RwD3D8FilterModeConvTable
0x6DDE08,0x6DCDA0,AmbientSaturated
0x6DDE18,0x6DCDB0,_RwD3DAdapterType
0x6DDE1C,0x6DCDB4,MaxMultisamplingLevels
0x6DDE20,0x6DCDB8,SelectedMultisamplingLevels
0x6DDE24,0x6DCDBC,FullScreenRefreshRateInHz
0x6DDE28,0x6DCDC0,LastVertexShaderUsed
0x6DDE2C,0x6DCDC4,LastPixelShaderUsed
0x6DDE30,0x6DCDC8,LastVertexBufferUsed
0x6DDE34,0x6DCDCC,LastIndexBufferUsed
0x6DDE38,0x6DCDD0,LastBaseIndex
0x6DDE3C,0x6DCDD4,rwD3D8DriverDevice
0x6DDE78,0x6DCE10,SetTransformWorld_d3dmatrix
0x6DDF0C,0x6DCEA4,lightTKList
0x6DDF24,0x6DCEBC,_rpLightFreeListBlockSize
0x6DDF28,0x6DCEC0,_rpLightFreeListPreallocBlocks
0x6DE680,0x6DD618,FreeListsEnabled
0x6DE9C8,0x6DD960,_rxHeapInitialSize
0x6DE9CC,0x6DD964,_rxPipelineMaxNodes
0x6DE9D0,0x6DD968,_rxPipesFreeListBlockSize
0x6DE9D4,0x6DD96C,_rxPipesFreeListPreallocBlocks
0x6DE9D8,0x6DD970,_rwPluginRegFreeListBlockSize
0x6DE9DC,0x6DD974,_rwPluginRegListPreallocBlocks
0x6DE9E0,0x6DD978,dwTlsIndex
0x6DF3CC,0x6DE364,sectorTKList
0x6DF3E8,0x6DE380,dwBumpMapPShaderPixelShader
0x6DF448,0x6DE3E0,dwEnvMapPShaderPixelShader
0x6DF498,0x6DE430,dwEnvMapNoBaseTexturePShaderPixelShader
0x6DF4D8,0x6DE470,dwBumpEnvMapPShaderPixelShader
0x6DF560,0x6DE4F8,dwBumpModulatedEnvMapPShaderPixelShader
0x6DF610,0x6DE5A8,dwBumpModulatedEnvMapNoAlphaPShaderPixelShader
0x6DF6B0,0x6DE648,NeedToValidateModulate2X
0x6DF6B4,0x6DE64C,NeedToValidateDiffuseInStage0
0x6DF6F0,0x6DE688,nodeImmInstanceCSL
0x6DF750,0x6DE6E8,nodeD3D8SubmitNoLight
0x6DF9A8,0x6DE940,nodeD3D8AtomicAllInOneCSL
0x6DF9F0,0x6DE988,TlsIndex
0x6DF9F4,0x6DE98C,TlsCallbacks
0x6F7000,0x6F6000,pAnimClumpToUpdate
0x6F7180,0x6F6180,pFindAnimBlendFrameResult
0x6F76C8,0x6F66C8,dwCurrFileId
0x6F76CC,0x6F66CC,nNumChannels
0x6F76D0,0x6F66D0,hObject
0x6F76F0,0x6F66F0,hThread
0x6F76F4,0x6F66F4,hHandle
0x6F76F8,0x6F66F8,ThreadId
0x6F7700,0x6F6700,hMem
0x6F7720,0x6F6720,nModelIdIslandMain
0x6F7724,0x6F6724,nModelIdIslandBeach
0x6F7728,0x6F6728,pInstanceIslandMain
0x6F772C,0x6F672C,pInstanceIslandBeach
0x6F7734,0x6F6734,Dest
0x6F7754,0x6F6754,nActiveChannel
0x6F7759,0x6F6759,bIsLoadingModels
0x6F775A,0x6F675A,bReqHasBeenInitialized
0x7030F4,0x7020F4,stPhoneData
0x703650,0x702650,stAccidentManagerDListElem
0x7038C9,0x7028C9,byteCameraMyst
0x7038CA,0x7028CA,byteCameraInitMyst
0x703928,0x702928,pSaveModelInfo
0x703B1C,0x702B1C,nRwIm3dTransformCount
0x703B20,0x702B20,bRwIm3dTransformCountInit
0x704858,0x703858,CLinkList_CEntityInfo
0x7052F8,0x7042F8,suspendPcTimer
0x705300,0x704300,liFrameStartCounter
0x705308,0x704308,PerformanceCount
0x705310,0x704310,suspendDepth
0x705358,0x704358,stColModel
0x709EA0,0x708EA0,stSimpleModelInfoDListElem
0x709EAC,0x708EAC,dwLoadedSimpleModels
0x709EB0,0x708EB0,stSimpleModelInfo
0x74A6A4,0x7496A4,stTimeModelStoreDListElem
0x74A6B0,0x7496B0,dwLoadedTimeModels
0x74A6B4,0x7496B4,stTimeModelInfo
0x751F04,0x750F04,stWeaponModelStoreDListElem
0x751F10,0x750F10,dwLoadedWeaponModels
0x751F14,0x750F14,stWeaponModelInfo
0x75297C,0x75197C,stClumpModelStoreDListElem
0x752988,0x751988,dwLoadedClumpModels
0x75298C,0x75198C,stClumpModelInfo
0x752A7C,0x751A7C,stVehicleModelStoreDListElem
0x752A88,0x751A88,dwLoadedVehicleModels
0x752A8C,0x751A8C,stVehicleModelInfo
0x75CA64,0x75BA64,stPedModelStoreDListElem
0x75CA70,0x75BA70,dwLoadedPedModels
0x75CA74,0x75BA74,stPedModelInfo
0x75EF04,0x75DF04,st2deffectsModelStoreDListElem
0x75EF10,0x75DF10,dwLoaded2deffects
0x75EF14,0x75DF14,st2deffectsModelInfo
0x76E4EC,0x76D4EC,gParticles
0x77EF70,0x77DF70,dwHighestPrimaryMaterialCount
0x77EF74,0x77DF74,dwHighestSecondaryMaterialCount
0x77FA58,0x77EA58,pWaterTexClear
0x77FA5C,0x77EA5C,pWaterTexReflection
0x77FA60,0x77EA60,pWaterTexSandy
0x77FA64,0x77EA64,pWaterTexWake
0x77FA68,0x77EA68,pWaterEffectsFrame
0x77FB58,0x77EB58,stBulletInfo
0x780C88,0x77FC88,stExplosionInfo
0x781710,0x780710,stShotInfo
0x7829D4,0x7819D4,fFireTurnedLast
0x7829D8,0x7819D8,byteFireTurnedInit
0x7829D9,0x7819D9,byteFireAutomaticCount
0x7829DA,0x7819DA,byteFireAutomaticInit
0x782A14,0x781A14,wb_dwWeaponType
0x782A18,0x781A18,wb_fRange
0x782A1C,0x781A1C,wb_dwFireRate
0x782A20,0x781A20,wb_dwReload
0x782A24,0x781A24,wb_dwAmmuAmount
0x782A28,0x781A28,wb_dwDamage
0x782A2C,0x781A2C,wb_fSpeed
0x782A30,0x781A30,wb_fRadius
0x782A34,0x781A34,wb_fLifeSpan
0x782A38,0x781A38,wb_fSpread
0x782A3C,0x781A3C,wb_fFireOffsetX
0x782A40,0x781A40,wb_fFireOffsetY
0x782A44,0x781A44,wb_fFireOffsetZ
0x782A48,0x781A48,wb_pAnimation
0x782A4C,0x781A4C,wb_fAnimLoopStart
0x782A50,0x781A50,wb_fAnimLoopEnd
0x782A54,0x781A54,wb_fAnimFrameFire
0x782A58,0x781A58,wb_fAnim2LoopStart
0x782A5C,0x781A5C,wb_fAnim2LoopEnd
0x782A60,0x781A60,wb_fAnim2FrameFire
0x782A64,0x781A64,wb_fAnimBreakout
0x782A68,0x781A68,wb_dwModelId
0x782A6C,0x781A6C,wb_dwModel2Id
0x782A70,0x781A70,wb_dwWeaponFlags
0x782A74,0x781A74,wb_dwWeaponSlot
0x7838D1,0x7828D1,bCurrGear
0x783904,0x782904,uUniqueIdCounter
0x783EE8,0x782EE8,gdwAdapter
0x783EF8,0x782EF8,Data
0x784004,0x783004,dwMainVar
0x784008,0x783008,bMainVarInit
0x7869C8,0x7859C8,gD3DTextureBufferArray
0x786BA4,0x785BA4,gNumActiveTexturePools
0x786BA8,0x785BAC,gD3DIndexBufferArray
0x786D68,0x785D70,dwNumSpikes
0x786D71,0x785D79,bColStoreUseSecondSite
0x786D74,0x785D7C,fSecondSiteX
0x786D78,0x785D80,fSecondSiteY
0x786D80,0x785D88,pSeatList
0x786D84,0x785D8C,bSeatListInited
0x786E3C,0x785E44,NumVideoMemoryRasters
0x786E40,0x785E48,MaxPaletteIndexFree
0x786E44,0x785E4C,NumPaletteIndexFree
0x786E48,0x785E50,PaletteIndexFree
0x786E4C,0x785E54,PaletteFreeList
0x786E54,0x785E5C,VideoMemoryRastersFreeList
0x786E5C,0x785E64,lastSeenExtraData
0x786E60,0x785E68,_rpAtomicFreeList
0x786E84,0x785E8C,lastSeenRightsPluginId
0x786E88,0x785E90,clumpModule
0x786E90,0x785E98,_rpClumpFreeList
0x786EB4,0x785EBC,_rpClumpCameraExtOffset
0x786EB8,0x785EC0,_rpClumpLightExtOffset
0x786F68,0x785F70,staticGlobals
0x7870BC,0x7860C4,engineInstancesOpened
0x7870C0,0x7860C8,RwEngineInstance
0x7870C4,0x7860CC,_rwMatrixFreeList
0x7870E8,0x7860F0,matrixModule
0x7870F0,0x7860F8,frameModule
0x787470,0x786478,vectorModule
0x78749C,0x7864A4,_rwCameraFreeList
0x7874C0,0x7864C8,cameraModule
0x787518,0x786520,RtAnimInterpolatorInfoBlockNumEntries
0x78751C,0x786524,_rwTexDictionaryFreeList
0x787540,0x786548,textureModule
0x787548,0x786550,_rwTextureFreeList
0x787574,0x78657C,_rwImageFormatFreeList
0x787598,0x7865A0,imageModule
0x7875A0,0x7865A8,_rwImageFreeList
0x7875C4,0x7865CC,_rpLightTieFreeList
0x7875E8,0x7865F0,_rpTieFreeList
0x78760C,0x786614,worldObjModule
0x787614,0x78661C,dwWorldObjCameraExtOffset
0x787618,0x786620,dwWorldObjAtomicExtOffset
0x78761C,0x786624,dwWorldObjClumpExtOffset
0x787620,0x786628,lightExtOffset
0x787624,0x78662C,_rpWorldListFreeList
0x787648,0x786650,worldModule
0x787650,0x786658,_rwRasterFreeList
0x787674,0x78667C,rasterModule
0x78767C,0x786684,_rpMaterialFreeList
0x7876A0,0x7866A8,materialModule
0x7876CC,0x7866D4,MatFXMaterialDataOffset
0x7876DC,0x7866E4,MatFXAtomicDataOffset
0x7876E0,0x7866E8,MatFXWorldSectorDataOffset
0x7876EC,0x7866F4,anisotTextureOffset
0x7876F0,0x7866F8,_rwD3D8SetTextureAnisotropyOffset
0x7876F8,0x786700,TextureStageStateCache
0x787EF8,0x786F00,__RwD3D8StateCache
0x788008,0x787010,RenderStateChanges
0x7882D8,0x7872E0,RenderStateD3D
0x788B48,0x787B50,TextureStageStateD3D
0x788F48,0x787F50,TextureStageStateChanges
0x789748,0x788750,NumRenderStateChanges
0x78974C,0x788754,NumTextureStageStateChanges
0x789750,0x788758,_rwIm3DGlobals
0x789758,0x788760,_RwD3D8CurrentModeIndex
0x789760,0x788768,LastMaterial
0x7897A4,0x7887AC,hWnd
0x7897A8,0x7887B0,_RwD3DDevice
0x7897AC,0x7887B4,_RwD3D8DepthStencilSurface
0x7897B0,0x7887B8,_RwD3D8RenderSurface
0x7897B4,0x7887BC,_RwDirect3DObject
0x7897B8,0x7887C0,NeedToCopyFromBackBuffer
0x7897BC,0x7887C4,SystemStarted
0x7897C4,0x7887CC,NumDisplayModes
0x7897C8,0x7887D0,_RwD3DAdapterIndex
0x7897CC,0x7887D4,StencilClearValue
0x7897D0,0x7887D8,DisplayModes
0x7897D4,0x7887DC,InsideScene
0x7897D8,0x7887E0,LastVertexBufferStride
0x7897DC,0x7887E4,LastWorldMatrixUsedIdentity
0x7897E0,0x7887E8,LastMatrixUsed
0x789BF0,0x788BF8,MatrixFreeList
0x789BF4,0x788BFC,MaxNumLights
0x789BF8,0x788C00,LightsCache
0x789BFC,0x788C04,DynamicVertexBufferList
0x789C00,0x788C08,DynamicVertexBufferFreeList
0x789C04,0x788C0C,CurrentDynamicVertexBufferManager
0x789C08,0x788C10,OffSetDynamicVertexBufferManager
0x789C18,0x788C20,SizeDynamicVertexBufferManager
0x789C28,0x788C30,DynamicVertexBufferManager
0x789C38,0x788C40,VertexShaderList
0x789C3C,0x788C44,VertexShaderFreeList
0x789C40,0x788C48,PixelShaderList
0x789C44,0x788C4C,PixelShaderFreeList
0x789C48,0x788C50,_rwD3D8CPUSupportsMMX
0x789C4C,0x788C54,_rwD3D8CPUSupportsSSE
0x789C50,0x788C58,_rwD3D8CPUSupportsSSE2
0x789C54,0x788C5C,_rwD3D8CPUSupports3DNow
0x789C58,0x788C60,_rpLightFreeList
0x789C7C,0x788C84,lightModule
0x789FC8,0x788FD0,_freeListList
0x789FF4,0x788FFC,_freeListModuleOpen
0x789FF8,0x789000,_masterFreeListPtr
0x789FFC,0x789004,UseOwnVertexBuffer
0x78A000,0x789008,CurrentBaseIndex
0x78A004,0x78900C,CurrentVertexBuffer
0x78A008,0x789010,IB2DOffset
0x78A00C,0x789014,IndexBuffer2D
0x78A010,0x789018,FvfList
0x78A014,0x78901C,FvfFreeList
0x78A018,0x789020,FreeVBFreeList
0x78A01C,0x789024,CreatedVBFreeList
0x78A02C,0x789034,_rxPipesFreeList
0x78A050,0x789058,RxPipelineInstanced
0x78A054,0x78905C,_rxHeapGlobal
0x78A058,0x789060,toolkitRegEntriesSpace
0x78A07C,0x789084,toolkitRegEntries
0x78A084,0x78908C,numRegToolkits
0x78A088,0x789090,errorModule
0x78A0B0,0x7890B8,dwEngineSkinPluginOffset
0x78A0B4,0x7890BC,dwAtomicSkinPluginOffset
0x78A0B8,0x7890C0,dwGeometrySkinPluginOffset
0x78A0D4,0x7890DC,pSkinPipeline
0x78A0F4,0x7890FC,MeshStatic
0x78A640,0x789648,MatFXAtomicPipe
0x78A644,0x78964C,MatFXWorldSectorPipe
0x78A648,0x789650,BumpMapPixelShader
0x78A64C,0x789654,EnvMapPixelShader
0x78A650,0x789658,EnvMapNoBaseTexturePixelShader
0x78A654,0x78965C,BumpEnvMapPixelShader
0x78A658,0x789660,BumpModulatedEnvMapPixelShader
0x78A65C,0x789664,BumpModulatedEnvMapNoAlphaPixelShader
0x78A660,0x789668,VideoCardSupportsMultitexture
0x78A664,0x78966C,VideoCardSupportsMultiplyAdd
0x78A668,0x789670,VideoCardSupportsModulate2X
0x78A66C,0x789674,VideoCardSupportsDiffuseInStage0
0x78A670,0x789678,VideoCardMaxTextureBlendStages
0x78A674,0x78967C,_rwD3D8ImmPool
0x78A678,0x789680,CurrentBaseIndex3D
0x78A67C,0x789684,CurrentVertexBuffer3D
0x78A680,0x789688,IB3DOffset
0x78A684,0x78968C,IndexBuffer3D
0x78A6A8,0x7896B0,PointLight
0x78A710,0x789718,DirectionalLight
0x78A778,0x789780,D3D8LightOffset
0x78A77C,0x789784,VideoCardMaxActiveLights
0x78A780,0x789788,NumLightIndexFree
0x78A784,0x78978C,MaxLightIndexFree
0x78A788,0x789790,MaxLightIndex
0x78A78C,0x789794,LightIndexFree
0x78A790,0x789798,LightsToEnable
0x78A794,0x78979C,NumLightsToEnable
0x78A798,0x7897A0,MaxLightsToEnable
0x78A79C,0x7897A4,LightsToDisable
0x78A7A0,0x7897A8,NumLightsToDisable
0x78A7A4,0x7897AC,MaxLightsToDisable
0x78A7A8,0x7897B0,gMemoryLimits
0x78CD80,0x78BD88,CPointLights::aCachedMapReads
0x78D658,0x78C660,cWaterLevel_ms_aWaterZs
0x78D718,0x78C720,CAudioManager
0x792C70,0x791C78,CTimeCycle::m_VectorToSun
0x792D30,0x791D38,CWorld::ms_aSectors
0x7D18C0,0x7D08C8,ref_posn
0x7D1DC0,0x7D0DC8,meshModule
0x7D35D8,0x7D25E0,RtAnimInterpolatorInfoBlock
0x7D4040,0x7D3048,CSprite2d::maVertices
0x7D4120,0x7D3128,modelId
0x7D54A8,0x7D44B0,CParticle::ms_afRandTable
0x7D54F8,0x7D4500,CRenderer::ms_aVisibleEntityPtrs
0x7D7438,0x7D6440,ScriptParams
0x7D7C38,0x7D6C40,CFileLoader::ms_line
0x7D7D38,0x7D6D40,pBlipColour
0x7D7D44,0x7D6D4C,vecBlipPos_X
0x7D7D48,0x7D6D50,vecBlipPos_Y
0x7D7D5E,0x7D6D66,byteBlipBrightness
0x7D7D68,0x7D6D70,wBlipScale
0x7D7D6A,0x7D6D72,wBlipDisplay
0x7D7D6C,0x7D6D74,wBlipSprite
0x7D95D0,0x7D85D8,CriticalSection
0x7D9708,0x7D8710,CFallingGlassPlane
0x7D9775,0x7D877D,cGlass_aGlassPanes
0x7DAAB8,0x7D9AC0,stEventList
0x7DAAC0,0x7D9AC8,dwTargetPedId
0x7DB428,0x7DA430,stAnimBlocks
0x7DB888,0x7DA890,gaProjectileInfo
0x7DBCB0,0x7DACB8,Pads
0x7DBED8,0x7DAEE0,offset
0x7DC0B8,0x7DB0C0,gpRubbishTexture
0x7DD708,0x7DC710,dgGGlobals
0x7DD860,0x7DC868,bCurMouseButtonLeft
0x7DD861,0x7DC869,bCurMouseButtonRight
0x7DD862,0x7DC86A,bCurMouseButtonMiddle
0x7DD863,0x7DC86B,bCurMouseWheelUp
0x7DD864,0x7DC86C,bCurMouseWheelDown
0x7DD865,0x7DC86D,bCurMouseButton4
0x7DD866,0x7DC86E,bCurMouseButton5
0x7DD868,0x7DC870,fCurMousePosX
0x7DD86C,0x7DC874,fCurMousePosY
0x7E4420,0x7E3428,CGlass::apEntitiesToBeRendered
0x7E4688,0x7E3690,CCamera
0x7E4698,0x7E36A0,x
0x7E469C,0x7E36A4,y
0x7E46B8,0x7E36C0,vecCamPos
0x7E46D2,0x7E36DA,bFollowPed
0x7E46FE,0x7E3706,TheCamera_ptr
0x7E4778,0x7E3780,fCameraLodDist
0x7E4810,0x7E3818,stCam1_bBelowMinDist
0x7E4811,0x7E3819,bBehindPlayerDesired
0x7E4812,0x7E381A,bCamLookingAtVector
0x7E4813,0x7E381B,bCollisionChecksOn
0x7E4814,0x7E381C,bFixingBeta
0x7E4815,0x7E381D,bTheHeightFixerVehicleIsATrain
0x7E4816,0x7E381E,bLookBehindCamWasInFront
0x7E4817,0x7E381F,bLookingBehind
0x7E4818,0x7E3820,bLookingLeft
0x7E4819,0x7E3821,bLookingRight
0x7E481A,0x7E3822,bRotating
0x7E481C,0x7E3824,nCameraMode
0x7E4820,0x7E3828,dwFinishTime
0x7E4824,0x7E382C,nDoCollisionChecksOnFrameNum
0x7E4828,0x7E3830,nDoCollisionCheckEveryNumOfFrames
0x7E482C,0x7E3834,nFrameNumWereAt
0x7E4830,0x7E3838,nRunningVectorArrayPos
0x7E4834,0x7E383C,nRunningVectorCounter
0x7E4838,0x7E3840,nDirectionWasLooking
0x7E483C,0x7E3844,fMaxRollAngle
0x7E4840,0x7E3848,fRoll
0x7E4844,0x7E384C,fRollSpeed
0x7E4848,0x7E3850,fSyphonModeTargetZOffSet
0x7E484C,0x7E3854,fAmountFractionObscured
0x7E4850,0x7E3858,fAlphaSpeedOverOneFrame
0x7E4854,0x7E385C,fBetaSpeedOverOneFrame
0x7E4858,0x7E3860,fBufferedTargetBeta
0x7E485C,0x7E3864,fBufferedTargetOrientation
0x7E4860,0x7E3868,fBufferedTargetOrientationSpeed
0x7E4864,0x7E386C,fCamBufferedHeight
0x7E4868,0x7E3870,fCamBufferedHeightSpeed
0x7E486C,0x7E3874,fCloseInPedHeightOffset
0x7E4870,0x7E3878,fCloseInPedHeightOffsetSpeed
0x7E4874,0x7E387C,fCloseInCarHeightOffset
0x7E4878,0x7E3880,fCloseInCarHeightOffsetSpeed
0x7E487C,0x7E3884,fDimensionOfHighestNearCar
0x7E4880,0x7E3888,fDistanceBeforeChanges
0x7E4884,0x7E388C,fFovSpeedOverOneFrame
0x7E4888,0x7E3890,fMinDistAwayFromCamWhenInterPolating
0x7E488C,0x7E3894,fPedBetweenCameraHeightOffset
0x7E4890,0x7E3898,fPlayerInFrontSyphonAngleOffset
0x7E4894,0x7E389C,fRadiusForDead
0x7E4898,0x7E38A0,fRealGroundDist
0x7E489C,0x7E38A4,fTargetBeta
0x7E48A0,0x7E38A8,fTimeElapsedFloat
0x7E48A4,0x7E38AC,fTilt
0x7E48A8,0x7E38B0,fTiltSpeed
0x7E48AC,0x7E38B4,fTransitionBeta
0x7E48B0,0x7E38B8,fTrueBeta
0x7E48B4,0x7E38BC,fTrueAlpha
0x7E48B8,0x7E38C0,fInitialPlayerOrientation
0x7E48BC,0x7E38C4,fAlpha
0x7E48C0,0x7E38C8,fAlphaSpeed
0x7E48C4,0x7E38CC,fFOV
0x7E48C8,0x7E38D0,fFOVSpeed
0x7E48CC,0x7E38D4,fBeta
0x7E48D0,0x7E38D8,fBetaSpeed
0x7E48D4,0x7E38DC,fDistance
0x7E48D8,0x7E38E0,fDistanceSpeed
0x7E48DC,0x7E38E4,fCaMinDistance
0x7E48E0,0x7E38E8,fCaMaxDistance
0x7E48E4,0x7E38EC,fSpeedVar
0x7E48E8,0x7E38F0,fTargetZoomGroundOne
0x7E48EC,0x7E38F4,fTargetZoomGroundTwo
0x7E48F0,0x7E38F8,fTargetZoomGroundThree
0x7E48F4,0x7E38FC,fTargetZoomOneZExtra
0x7E48F8,0x7E3900,fTargetZoomTwoZExtra
0x7E48FC,0x7E3904,fTargetZoomThreeZExtra
0x7E4900,0x7E3908,fTargetZoomZCloseIn
0x7E4904,0x7E390C,fMinRealGroundDist
0x7E4908,0x7E3910,fTargetCloseInDist
0x7E490C,0x7E3914,vecSourceSpeedOverOneFrame_X
0x7E4910,0x7E3918,vecSourceSpeedOverOneFrame_Y
0x7E4914,0x7E391C,vecSourceSpeedOverOneFrame_Z
0x7E4918,0x7E3920,vecTargetSpeedOverOneFrame_X
0x7E491C,0x7E3924,vecTargetSpeedOverOneFrame_Y
0x7E4920,0x7E3928,vecTargetSpeedOverOneFrame_Z
0x7E4924,0x7E392C,vecUpOverOneFrame_X
0x7E4928,0x7E3930,vecUpOverOneFrame_Y
0x7E492C,0x7E3934,vecUpOverOneFrame_Z
0x7E4930,0x7E3938,vecTargetCoorsForFudgeInter_X
0x7E4934,0x7E393C,vecTargetCoorsForFudgeInter_Y
0x7E4938,0x7E3940,vecTargetCoorsForFudgeInter_Z
0x7E493C,0x7E3944,vecCamFixedModeVector_X
0x7E4940,0x7E3948,vecCamFixedModeVector_Y
0x7E4944,0x7E394C,vecCamFixedModeVector_Z
0x7E4948,0x7E3950,vecCamFixedModeSource_X
0x7E494C,0x7E3954,vecCamFixedModeSource_Y
0x7E4950,0x7E3958,vecCamFixedModeSource_Z
0x7E4954,0x7E395C,vecCamFixedModeUpOffSet_X
0x7E4958,0x7E3960,vecCamFixedModeUpOffSet_Y
0x7E495C,0x7E3964,vecCamFixedModeUpOffSet_Z
0x7E4960,0x7E3968,vecLastAboveWaterCamPosition_X
0x7E4964,0x7E396C,vecLastAboveWaterCamPosition_Y
0x7E4968,0x7E3970,vecLastAboveWaterCamPosition_Z
0x7E496C,0x7E3974,vecBufferedPlayerBodyOffset_X
0x7E4970,0x7E3978,vecBufferedPlayerBodyOffset_Y
0x7E4974,0x7E397C,vecBufferedPlayerBodyOffset_Z
0x7E4978,0x7E3980,vecLookFront_X
0x7E497C,0x7E3984,vecLookFront_Y
0x7E4980,0x7E3988,vecLookFront_Z
0x7E4984,0x7E398C,vecSource_X
0x7E4988,0x7E3990,vecSource_Y
0x7E498C,0x7E3994,vecSource_Z
0x7E4990,0x7E3998,vecSourceBeforeLookBehind_X
0x7E4994,0x7E399C,vecSourceBeforeLookBehind_Y
0x7E4998,0x7E39A0,vecSourceBeforeLookBehind_Z
0x7E499C,0x7E39A4,vecLookUp_X
0x7E49A0,0x7E39A8,vecLookUp_Y
0x7E49A4,0x7E39AC,vecLookUp_Z
0x7E49A8,0x7E39B0,vecArrPrevVectors1_X
0x7E49AC,0x7E39B4,vecArrPrevVectors1_Y
0x7E49B0,0x7E39B8,vecArrPrevVectors1_Z
0x7E49B4,0x7E39BC,vecArrPrevVectors2_X
0x7E49B8,0x7E39C0,vecArrPrevVectors2_Y
0x7E49BC,0x7E39C4,vecArrPrevVectors2_Z
0x7E49C0,0x7E39C8,pTargetEntity
0x7E49C4,0x7E39CC,fCameraDistance
0x7E49C8,0x7E39D0,fIdealAlpha
0x7E49CC,0x7E39D4,fPlayerVelocity
0x7E49D0,0x7E39D8,pLastCarEntered
0x7E49D4,0x7E39DC,pLastPedLookedAt
0x7E49D8,0x7E39E0,bFirstPersonRunAboutActive
0x7E49DC,0x7E39E4,stCams_2_3
0x7E4FE0,0x7E3FE8,CPointLights::aLights
0x7E9B08,0x7E8B10,CPickups::aMessages
0x7E9E08,0x7E8E10,TempVertexBuffer
0x7EFE50,0x7EEE58,CParticle::m_CosTable
0x7F0EA0,0x7EFEA8,CTheScripts::IntroTextLines
0x7F3C60,0x7F2C68,gOperatingSystem
0x7F3C68,0x7F2C70,gPhysicalMemorySize
0x7F3C6C,0x7F2C74,gAvailablePhysicalMemorySize
0x7F3C78,0x7F2C80,gVideoMemorySize
0x7F3C7C,0x7F2C84,gAvailableVideoMemorySize
0x7F3D28,0x7F2D30,stAnimHierarchies
0x7F8378,0x7F7380,gString
0x7F8478,0x7F7480,pVehicleTexture
0x7F92F8,0x7F8300,CRubbish::aSheets
0x7F9C18,0x7F8C20,CFileMgr::ms_dirName
0x7FA368,0x7F9370,_rwIm3DModule
0x7FFD38,0x7FED40,fWindSourceX
0x7FFD3C,0x7FED44,fWindSourceY
0x7FFD40,0x7FED48,fWindSourceZ
0x7FFD44,0x7FED4C,dwWindSourceType
0x8100B8,0x80F0C0,pRpWorld
0x8100BC,0x80F0C4,pRwCamera
0x8116A8,0x8106B0,nLoadModelIndex
0x8116C8,0x8106D0,nChannelStatus
0x8116CC,0x8106D4,nChannelUnknown
0x8116D0,0x8106D8,uDiskOffset
0x8116D4,0x8106DC,nChannelDiskStatus
0x8116D8,0x8106E0,nChannelRetryCount
0x811700,0x810708,dwChannelTwoStatus
0x812658,0x811660,gpCarSplashRaster
0x813D10,0x812D18,CHeli::pHelis
0x813D20,0x812D28,stDxInput_hWnd
0x813D2C,0x812D34,stDxInput_fMousePosX
0x813D30,0x812D38,stDxInput_fMousePosY
0x813D38,0x812D40,stDxInput_pDxInput8
0x813D3C,0x812D44,stDxInput_pDxInputDevice8
0x814018,0x813020,C3dMarkers::m_aMarkerArray
0x815128,0x814130,CCoronas::aCoronas
0x817CE8,0x816CF0,resourcesModule
0x817CF0,0x816CF8,CPhoneInfo
0x817CF8,0x816D00,stPhones
0x818848,0x817850,CBrightLights::aBrightLights
0x821280,0x820288,CTheScripts::ScriptSpace
0x8614D8,0x8604E0,CGame::aDatFile
0x864C70,0x863C78,cWaterLevel_aWaterFineBlockList
0x869630,0x868638,FrontendMenuManager
0x92D308,0x92C310,gEaxParameters
0x92D4C8,0x92C4D0,CModelInfo::ms_modelInfoPtrs
0x933BC0,0x932BC8,TempBufferRenderIndexList
0x9360F0,0x9350F8,_rxExecCtxGlobal
0x936908,0x935910,bOldMouseButtonLeft
0x936909,0x935911,bOldMouseButtonRight
0x93690A,0x935912,bOldMouseButtonMiddle
0x93690B,0x935913,bOldMouseWheelUp
0x93690C,0x935914,bOldMouseWheelDown
0x93690D,0x935915,bOldMouseButton4
0x93690E,0x935916,bOldMouseButton5
0x936910,0x935918,fOldMousePosX
0x936914,0x93591C,fOldMousePosY
0x938288,0x937290,TypeOfPedPlayerTable
0x939228,0x938230,byteCarColR
0x939229,0x938231,byteCarColG
0x93922A,0x938232,byteCarColB
0x93922B,0x938233,byteCarColA
0x943088,0x942090,CParticle::m_SinTable
0x944088,0x943090,RpHAnimAtomicGlobals
0x945850,0x944858,CPointLights::aCachedMapReadResults
0x945D30,0x944D38,pickup_vPos_X
0x945D34,0x944D3C,pickup_vPos_Y
0x945D38,0x944D40,pickup_vPos_Z
0x945D3C,0x944D44,pickup_fStandProximity
0x945D40,0x944D48,pickup_pObject
0x945D44,0x944D4C,pickup_pExtraObject
0x945D48,0x944D50,pickup_nQuantity
0x945D4C,0x944D54,pickup_uTimer
0x945D50,0x944D58,pickup_uMoneySpeed
0x945D52,0x944D5A,pickup_nModelId
0x945D54,0x944D5C,pickup_uUniqueId
0x945D56,0x944D5E,pickup_szPickupTextKey
0x945D5E,0x944D66,pickup_uType
0x945D5F,0x944D67,pickup_bRemoved
0x945D60,0x944D68,pickup_bEffects
0x94AD18,0x949D20,LightStrengths
0x94AD28,0x949D30,CWorld::Players
0x94B1A0,0x94A1A8,gAudio3dChannels
0x94B220,0x94A228,CText
0x94B788,0x94A790,pSampleStorage
0x94B840,0x94A848,lpBuffer
0x94BF40,0x94AF48,stAccidentManager
0x94D788,0x94C790,bMouseButtonLeft
0x94D789,0x94C791,bMouseButtonRight
0x94D78A,0x94C792,bMouseButtonMiddle
0x94D78B,0x94C793,bMouseWheelUp
0x94D78C,0x94C794,bMouseWheelDown
0x94D78D,0x94C795,bMouseButton4
0x94D78E,0x94C796,bMouseButton5
0x94D790,0x94C798,fMousePosX
0x94D794,0x94C79C,fMousePosY
0x94DB48,0x94CB50,NumExtraDirLightsInWorld
0x94DB54,0x94CB5C,CSprite2d::RecipNearClip
0x94DB58,0x94CB60,dwNumTiresPopped
0x94DB5C,0x94CB64,pSpriteRadarHardware
0x94DB60,0x94CB68,nChannelToRetry
0x94DB80,0,dwGangKills1
0x94DB84,0x94CB8C,dwGangKills2
0x94DB88,0x94CB90,dwGangKills3
0x94DB8C,0x94CB94,dwGangKills4
0x94DB90,0x94CB98,dwGangKills5
0x94DB94,0x94CB9C,dwGangKills6
0x94DB98,0x94CBA0,dwGangKills7
0x94DB9C,0x94CBA4,dwGangKills8
0x94DBA0,0x94CBA8,dwGangKills9
0x94DBAC,0x94CBB4,dwNumCriminalsKilled
0x94DBE0,0x94CBE8,CPools::ms_pObjectPool
0x94DD1C,0x94CD24,_ZN10CSceneEdit7pActorsE_ptr
0x94DD38,0x94CD40,CDraw::ms_fAspectRatio
0x94DD3C,0x94CD44,pSpriteRadarClub
0x94DD40,0x94CD48,pRpDirectionalLight
0x94DD50,0x94CD58,pSpriteRadarBiker
0x94DD60,0x94CD68,dwHighestVigilanteLevel
0x94DD64,0x94CD6C,pSpriteRadarDiaz
0x94DD84,0x94CD8C,CWeather::ExtraSunnyness
0x94DD90,0x94CD98,ppv
0x94DDA0,0x94CDA8,CTimeCycle::m_FogReduction
0x94DDBC,0x94CDC4,pSpriteRadarStrip
0x94DDC0,0x94CDC8,CWeather::Foggyness
0x94DDC4,0x94CDCC,nAnimBlockCount
0x94DDD0,0x94CDD8,CStreaming::ms_aInfoForModel
0x974B04,0x973B0C,dwBoatsDestroyed
0x974B0C,0x973B14,fMaxMissionPoints
0x974B2C,0x973B34,CTimer::m_snTimeInMilliseconds
0x974B30,0x973B38,dwBestJumpType
0x974B3C,0x973B44,dwLongestStoppieTime
0x974B40,0x973B48,CGlass::NumGlassEntities
0x974B44,0x973B4C,pRpAmbientLight
0x974B48,0x973B50,dwUniqueJumpCount
0x974B50,0x973B58,CRubbish::RubbishVisibility
0x974B60,0x973B68,entity
0x974BE8,0x973BF0,CWeather::CloudCoverage
0x974C04,0x973C0C,fDistTravelledByGolfCart
0x974C08,0x973C10,dwNumRampagesPassed
0x974C0C,0x973C14,dwNumRampagesTotal
0x975088,0x974090,pWaterRasterSandy
0x9751B0,0x9741B8,CPointLights::NumLights
0x9751BC,0x9741C4,pSpriteRadarLawyer
0x9751C4,0x9741CC,pClassArrayListFirst
0x9751C8,0x9741D0,pSpriteRadarArrow
0x9751F0,0x9741F8,dwHelisDestroyed
0x9751F8,0x974200,pSpriteRadarREspantoso
0x975214,0x97421C,pWaterRasterReflection
0x975238,0x974240,_RwD3D8DeviceCaps
0x97530C,0x974314,dwLongestWheelieTime
0x975310,0x974318,dwHighestFiremanLevel
0x975320,0x974328,dwTimesDied
0x97532C,0x974334,dwNumBulletsFired
0x975330,0x974338,dwTimesBusted
0x97533C,0x974344,CWeather::Wind
0x975340,0x974348,CWeather::Rain
0x975344,0x97434C,fRestartOverrideX
0x975348,0x974350,fRestartOverrideY
0x97534C,0x974354,fRestartOverrideZ
0x975350,0x974358,CWeather::LightningFlashLastChange
0x975354,0x97435C,nNumActiveModelRequests
0x975370,0x974378,pSpriteRadarTommy
0x975384,0x97438C,pSpriteRadarBoatyard
0x9753A8,0x9743B0,CTimer::ms_fTimeStepNonClipped
0x9753AC,0x9743B4,dwKillsByOthers
0x9753B0,0x9743B8,objectFlags
0x9753B4,0x9743BC,objects
0x9753BC,0x9743C4,numWaterDropOnScreen
0x9753C0,0x9743C8,CPools::ms_pColModelPool
0x975404,0x97440C,fPropertyDamage
0x975424,0x97442C,CTimer::ms_fTimeStep
0x975428,0x974430,mod_ParticleSystemManager
0x97852C,0x977534,pSpriteRadarRWildstyle
0x978530,0x977538,dwMaxUniqueJumpCount
0x978534,0x97753C,CDraw::ms_fNearClipZ
0x978540,0x977548,nHierarchiesLoaded
0x978550,0x977558,hDigDriver
0x978568,0x977570,pCurrentVehicle
0x9785D4,0x9775DC,CHeli::TestForNewRandomHelisTimer
0x9785E4,0x9775EC,dwMissionPassTime
0x9785F4,0x9775FC,hSampleSfxSdtFile
0x9785F8,0x977600,pSpriteRadarPrintworks
0x9785FC,0x977604,CWorld::ms_bigBuildingsList
0x978624,0x97762C,hSampleSfxRawFile
0x97863C,0x977644,CSprite::m_f2DNearScreenZ
0x978664,0x97766C,pSpriteRadarAvery
0x978668,0x977670,gAudioStreams
0x978674,0x97767C,RtAnimAnimationFreeList
0x9786B0,0x9776B8,pFirstFreeRef
0x9786C0,0x9776C8,fLongestWheelieDist
0x9786F0,0x9776F8,posn
0x978704,0x97770C,angle
0x97871C,0x977724,pModelReqLLFirst
0x978748,0x977750,CTheScripts::OnAMissionFlag
0x978754,0x97775C,RtAnimAnimationFreeListSpace
0x978778,0x977780,CPools::ms_pAudioScriptObjectPool
0x978794,0x97779C,dwKillsByPlayer
0x978798,0x9777A0,ClumpOffset
0x9787A8,0x9777B0,dwNumExplosivesFired
0x9787B4,0x9777BC,dwVigilanteKills
0x9787D8,0x9777E0,CWeather::InterpolationValue
0x9787DC,0x9777E4,dwBestJumpFlips
0x978804,0x97780C,pSpriteRadarRFlash
0x978810,0x977818,CGame::currArea
0x978824,0x97782C,pSpriteRadarKent
0x978834,0x97783C,CPools::ms_pTreadablePool
0x978AA8,0x977AB0,CPager
0x978D14,0x977D1C,dwBestJumpRotation
0x978D20,0x977D28,CPlacename
0x978D8C,0x977D94,CTimer::m_snPreviousTimeInMilliseconds
0x978D9C,0x977DA4,pSpriteRadarRwave
0x978DB8,0x977DC0,dwHighestParamedicLevel
0x978DBC,0x977DC4,stCutsceneCol
0x978E08,0x977E10,dwNumPropertiesOwned
0x978E50,0x977E58,pSpriteRadarFilmStudio
0x978E54,0x977E5C,fRestartOverrideHeading
0x978E58,0x977E60,mod_HandlingManager
0x978E6C,0x977E74,stHandlingData
0x97EAC4,0x97DACC,stHandlingDataPlane
0x97EDBC,0x97DDC4,stHandlingDataBoat
0x97F05C,0x97E064,CSprite2d::NearScreenZ
0x97F1F4,0x97E1FC,dwNumDaysPassed
0x97F204,0x97E20C,nCurrentMapLevel
0x97F210,0x97E218,fBestJumpDistance
0x97F214,0x97E21C,CSprite2d::nextBufferIndex
0x97F218,0x97E220,pSpriteRadarCortez
0x97F240,0x97E248,CPools::ms_pBuildingPool
0x97F25C,0x97E264,CPools::ms_pDummyPool
0x97F264,0x97E26C,CTimer::ms_fTimeScale
0x97F274,0x97E27C,CDraw::ms_fLODDistance
0x97F278,0x97E280,pSpriteRadarPhil
0x97F2AC,0x97E2B4,CPools::ms_pPedPool
0x97F2B4,0x97E2BC,CClock::ms_nMillisecondsPerGameMinute
0x97F2BC,0x97E2C4,CBrightLights::NumBrightLights
0x97F2C4,0x97E2CC,dwChaseStat
0x97F2D0,0x97E2D8,pSpriteRadarREmotion
0x97F2D4,0x97E2DC,CWeather::TrafficLightsBrightness
0x97F33C,0x97E344,CSprite::m_f2DFarScreenZ
0x97F348,0x97E350,CStats::PamphletMissionPassed
0x97F820,0x97E828,bFontColorR
0x97F821,0x97E829,bFontColorG
0x97F822,0x97E82A,bFontColorB
0x97F823,0x97E82B,bFontColorA
0x97F848,0x97E850,bFontBgColorR
0x97F849,0x97E851,bFontBgColorG
0x97F84A,0x97E852,bFontBgColorB
0x97F84B,0x97E853,bFontBgColorA
0x97F84C,0x97E854,fFontWrapX
0x97F862,0x97E86A,fFontDropColorR
0x97F863,0x97E86B,fFontDropColorG
0x97F864,0x97E86C,fFontDropColorB
0x97F865,0x97E86D,fFontDropColorA
0x97F884,0x97E88C,nNumPriorityModelRequests
0x97F8A0,0x97E8A8,stFireManager
0x980024,0x97F02C,pSpriteRadarKCabs
0x98002C,0x97F034,CParticle::m_pUnusedListHead
0x980038,0x97F040,cMusicManager
0x983B84,0x982B8C,lpZoneNameTextOld
0x983B8C,0x982B94,pWaterRasterWake
0x983B90,0x982B98,cSampleManager
0x9B4854,0x9B385C,gAudioChannels
0x9B48A4,0x9B38AC,pSpriteRadarRVCPR
0x9B48A8,0x9B38B0,CWorld::ms_listMovingEntityPtrs
0x9B48AC,0x9B38B4,CParticleObject::pCloseListHead
0x9B48B0,0x9B38B8,fPropertyBudget
0x9B48B4,0x9B38BC,dwTimesDrowned
0x9B48D0,0x9B38D8,fLongest2WheelDist
0x9B48D8,0x9B38E0,RsGlobal
0x9B5EA8,0x9B4EB0,dwLivesSavedAmbu
0x9B5EAC,0x9B4EB4,CWeather::WhenToPlayLightningSound
0x9B5EB8,0x9B4EC0,dwStarsAttained
0x9B5EFC,0x9B4F04,pSpriteRadarGun
0x9B5F08,0x9B4F10,dwGameLoadState
0x9B5F0C,0x9B4F14,pAnimBlendAssocGroups
0x9B5F20,0x9B4F28,CPointLights::NextCachedValue
0x9B5F30,0x9B4F38,dwStarsEvaded
0x9B5F44,0x9B4F4C,fLongestStoppieDist
0x9B5F54,0x9B4F5C,pSpriteRadarLovefist
0x9B5F84,0x9B4F8C,CWeather::LightningStart
0x9B5F90,0x9B4F98,CSprite::m_bFlushSpriteBufferSwitchZTest
0x9B6A48,0x9B5A50,fDistTravelledByHeli
0x9B6A4C,0x9B5A54,CTxdStore::ms_pTxdPool
0x9B6A68,0x9B5A70,pWaterRasterClear
0x9B6A74,0x9B5A7C,gpPointlightRaster
0x9B6A80,0x9B5A88,dwCurrentCar
0x9B6A84,0x9B5A8C,dwFiresExtinguished
0x9B6A94,0x9B5A9C,CWeather::WindClipped
0x9B6A9C,0x9B5AA4,CWeather::WetRoads
0x9B6AA8,0x9B5AB0,CSprite::m_fRecipNearClipPlane
0x9B6AB8,0x9B5AC0,_RwD3D8AdapterInformation
0x9B6CBC,0x9B5CC4,_RwD3D8AdapterInformation_DisplayMode
0x9B6CC8,0x9B5CD0,_RwD3D8AdapterInformation_Unkn001
0x9B6CD4,0x9B5CDC,dwNumBulletsHit
0x9B6CD8,0x9B5CE0,pSpriteRadarProperty
0x9B6CDC,0x9B5CE4,fMissionPoints
0x9B6CF8,0x9B5D00,COnScreenTimer
0x9B6E08,0x9B5E10,pSpriteRadarCentre
0x9B6E0C,0x9B5E14,CWeather::WeatherTypeInList
0x9B6E34,0x9B5E3C,pSpriteRadarNorth
0x9B6E38,0x9B5E40,dwNumHeadshots
0x9B6E3C,0x9B5E44,_ZN10CSceneEdit9pVehiclesE_ptr
0x9B6E50,0x9B5E58,pSpriteRadarRKChat
0x9B6E58,0x9B5E60,pLineOfSightIgnore
0x9B6E5C,0x9B5E64,CPathFind
0xA0CE94,0xA0BE9C,NumberOfChunksLoaded
0xA0CFD0,0xA0BFD8,pSpriteRadarRVRock
0xA0CFD8,0xA0BFE0,fBestJumpHeight
0xA0CFDC,0xA0BFE4,uStreamingMemUsed
0xA0CFE8,0xA0BFF0,CWeather::LightningDuration
0xA0CFF0,0xA0BFF8,CSprite2d::nextBufferVertex
0xA0CFF8,0xA0C000,CTimeCycle::m_CurrentStoredValue
0xA0D05C,0xA0C064,CWeather::Rainbow
0xA0D068,0xA0C070,fFashionBudget
0xA0D078,0xA0C080,pSavedTexDict
0xA0D07C,0xA0C084,Buffer
0xA0D184,0xA0C18C,CRubbish::StartMoversList
0xA0D1CC,0xA0C1D4,cCullZones_CurrentFlags_Camera
0xA0D1D4,0xA0C1DC,pSpriteRadarSunYard
0xA0D1DC,0xA0C1E4,dwTaxiMsnsDone
0xA0D1E4,0xA0C1EC,CRenderer::ms_nNoOfVisibleEntities
0xA0D1F0,0xA0C1F8,dwNumWindSources
0xA0D1F4,0xA0C1FC,pModelReqLLLast
0xA0D228,0xA0C230,dwNumSafehouseVisits
0xA0D244,0xA0C24C,CRubbish::EndMoversList
0xA0D2D8,0xA0C2E0,fDistTravelledByBike
0xA0D2DC,0xA0C2E4,pSpriteRadarBikers
0xA0D330,0xA0C338,pSpriteRadarCubans
0xA0D334,0xA0C33C,CRubbish::StartEmptyList
0xA0D384,0xA0C38C,fDistTravelledByBoat
0xA0D388,0xA0C390,dwCarsDestoyed
0xA0D870,0xA0C878,CParticleObject::pUnusedListHead
0xA0D894,0xA0C89C,CTimer::m_snTimeInMillisecondsNonClipped
0xA0D898,0xA0C8A0,CTimer::m_FrameCounter
0xA0D8B0,0xA0C8B8,_RwD3D8RasterExtOffset
0xA0D8B4,0xA0C8BC,pColStore
0xA0D8BC,0xA0C8C4,CPools::ms_pEntryInfoNodePool
0xA0D8D4,0xA0C8DC,CRubbish::EndStaticsList
0xA0D96C,0xA0C974,CLinkList_CAnimBlendHierarchy
0xA0D9A4,0xA0C9AC,pSpriteRadarSave
0xA0D9A8,0xA0C9B0,pWaterAtomicSandy
0xA0D9AC,0xA0C9B4,CGame::currLevel
0xA0D9B4,0xA0C9BC,fDistTravelledOnFoot
0xA0D9C8,0xA0C9D0,dwTaxiEarnings
0xA0D9D0,0xA0C9D8,CRubbish::EndEmptyList
0xA0DAC0,0xA0CAC8,cCullZones_CurrentFlags_Player
0xA0DACC,0xA0CAD4,pSpriteRadarIcecream
0xA0DAE0,0xA0CAE8,stDummyRequest
0xA0DAF8,0xA0CB00,CParticleObject::pFarListHead
0xA0DC90,0xA0CC98,pSpriteRadarRFever
0xA0FC90,0xA0EC98,uArchiveTotalSize
0xA0FC94,0xA0EC9C,dwNumSprayings
0xA0FC9C,0xA0ECA4,gAilProvider
0xA0FCA0,0xA0ECA8,_rxPipelineGlobalsOffset
0xA0FCA4,0xA0ECAC,pSpriteRadarPhone
0xA0FCAC,0xA0ECB4,CStats::NoMoreHurricanes
0xA0FCB0,0xA0ECB8,CRubbish::StartStaticsList
0xA0FCF8,0xA0ED00,dwLongest2WheelTime
0xA0FCFC,0xA0ED04,fDistTravelledByCar
0xA0FD04,0xA0ED0C,Present
0xA0FD38,0xA0ED40,CPools::ms_pPtrNodePool
0xA0FD48,0xA0ED50,gb_EAX_supported
0xA0FD58,0xA0ED60,pSpriteRadarTshirt
0xA0FD78,0xA0ED80,pSpriteRadarSpray
0xA0FD7C,0xA0ED84,CWeather::SunGlare
0xA0FDCC,0xA0EDD4,fWeaponBudget
0xA0FDE4,0xA0EDEC,CPools::ms_pVehiclePool
0xA0FDEC,0xA0EDF4,CClock::ms_nLastClockTick
0xA1023C,0xA0F244,dwNumMissionAttempts
0xA10240,0xA0F248,TimeStartedCountingForFade
0xA10298,0xA0F2A0,fRepairPaintBudget
0xA10678,0xA0F680,CDraw::ms_fFarClipZ
0xA10680,0xA0F688,oldPcTimer
0xA1068C,0xA0F694,CCutsceneMgr::ms_cutsceneLoadStatus
0xA1069C,0xA0F6A4,nNumOfPeds
0xA106A4,0xA0F6AC,gpRainDropTex
0xA106AC,0xA0F6B4,stLinkList_CColModel
0xA1085C,0xA0F864,pSpriteRadarHaitians
0xA10860,0xA0F868,pWaterAtomicClear
0xA108B0,0xA0F8B8,nNumOfMp3Files
0xA10936,0xA0F93E,CRecordDataForGame::RecordingState
0xA1093C,0xA0F944,CMovingThings::Num
0xA10942,0xA0F94A,KeyPresses
0xA1097C,0xA0F984,_ZN10CSceneEdit10m_nVehicleE_ptr
0xA1098E,0xA0F996,CWorld::ms_nCurrentScanCode
0xA10A2E,0xA0FA36,CWeather::NewWeatherType
0xA10A38,0xA0FA40,bObjInMainSCM
0xA10A3C,0xA0FA44,CClock::ms_nGameClockSeconds
0xA10A42,0xA0FA4A,CWeather::ForcedWeatherType
0xA10A48,0xA0FA50,CTheScripts::NumberOfIntroTextLinesThisFrame
0xA10A4C,0xA0FA54,bInvertMouseV
0xA10A4D,0xA0FA55,bInvertMouseH
0xA10A50,0xA0FA58,wDbgMenuSel
0xA10A52,0xA0FA5A,_ZN10CSceneEdit8m_nActorE_ptr
0xA10A5A,0xA0FA62,CPickups::NumMessages
0xA10A5E,0xA0FA66,CClock::ms_Stored_nGameClockSeconds
0xA10A6A,0xA0FA72,CHeli::NumRandomHelis
0xA10AAA,0xA0FAB2,CWeather::OldWeatherType
0xA10AB2,0xA0FABA,CCutsceneMgr::ms_running
0xA10AB3,0xA0FABB,bChtOurGodGiven
0xA10AB8,0xA0FAC0,CGame::germanGame
0xA10ADB,0xA0FAE3,CHeli::ScriptHeliOn
0xA10ADC,0xA0FAE4,bChtGreenLight
0xA10AED,0xA0FAF5,CDraw::FadeBlue
0xA10AF0,0xA0FAF8,CHeli::CatalinaHasBeenShotDown
0xA10AF4,0xA0FAFC,bHasUsedCamera
0xA10AF5,0xA0FAFD,bReservedOne
0xA10AF6,0xA0FAFE,CReplay::Mode
0xA10AF8,0xA0FB00,bOverrideRestart
0xA10AF9,0xA0FB01,bIsGameInitialized
0xA10AFB,0xA0FB03,CWorld::PlayerInFocus
0xA10AFD,0xA0FB05,bOwnProperty00
0xA10AFE,0,bOwnProperty01
0xA10AFF,0,bOwnProperty02
0xA10B00,0,bOwnProperty03
0xA10B01,0,bOwnProperty04
0xA10B02,0,bOwnProperty05
0xA10B03,0,bOwnProperty06
0xA10B04,0,bOwnProperty07
0xA10B05,0xA0FB0D,bOwnProperty08
0xA10B06,0xA0FB0E,bOwnProperty09
0xA10B07,0xA0FB0F,bOwnProperty10
0xA10B08,0xA0FB10,bOwnProperty11
0xA10B09,0xA0FB11,bOwnProperty12
0xA10B0A,0xA0FB12,bOwnProperty13
0xA10B0B,0xA0FB13,bOwnProperty14
0xA10B0F,0xA0FB17,bChtGrip
0xA10B10,0xA0FB18,bChtDetails
0xA10B11,0xA0FB19,bChtFlyBoat
0xA10B16,0xA0FB1E,CDraw::FadeValue
0xA10B1E,0xA0FB26,bStreamingPaused
0xA10B21,0xA0FB2A,CDraw::FadeGreen
0xA10B23,0xA0FB2C,CSmokeTrails::CigOn
0xA10B26,0xA0FB2F,bChtPinkCars
0xA10B28,0xA0FB31,bChtFlyCar
0xA10B29,0xA0FB32,bProcessPedsOnBoatsAndBikes
0xA10B2B,0xA0FB34,bDemoExpired
0xA10B2D,0xA0FB36,bDbgMenu
0xA10B2E,0xA0FB37,bHasUsedCheat
0xA10B30,0xA0FB39,bChtWheels
0xA10B33,0xA0FB3C,CClock::ms_Stored_nGameClockHours
0xA10B36,0xA0FB3F,CTimer::m_UserPause
0xA10B38,0xA0FB41,CWeather::bScriptsForceRain
0xA10B39,0xA0FB42,bDbgMenuClick
0xA10B3A,0xA0FB43,bTaxiJump
0xA10B3C,0xA0FB45,CClock::bClockHasBeenStored
0xA10B3E,0xA0FB47,bSoundEnabled
0xA10B40,0xA0FB49,CHeli::CatalinaHeliOn
0xA10B41,0xA0FB4A,bProcessPriorityList
0xA10B45,0xA0FB4E,bDisableHud
0xA10B46,0xA0FB4F,bCentreAtCam
0xA10B47,0xA0FB50,bChtTraffic
0xA10B48,0xA0FB51,bFreezeWorld
0xA10B4A,0xA0FB53,bProcessDeadPeds
0xA10B4B,0xA0FB54,CDraw::FadeRed
0xA10B4C,0xA0FB55,bUseStandardControls
0xA10B4F,0xA0FB59,bResetCamera
0xA10B50,0xA0FB5A,bMP3Playing
0xA10B54,0xA0FB5E,CRubbish::bRubbishInvisible
0xA10B56,0xA0FB60,StillToFadeOut
0xA10B5D,0xA0FB67,CClock::ms_Stored_nGameClockMinutes
0xA10B5E,0xA0FB68,g_SlowMode
0xA10B5F,0xA0FB69,bChtFannyMagnet
0xA10B63,0xA0FB6D,CCutsceneMgr::ms_cutsceneProcessing
0xA10B64,0xA0FB6E,bCurCutsceneHasAnimFile
0xA10B65,0xA0FB6F,_ZN10CSceneEdit18m_bVehicleSelectedE_ptr
0xA10B67,0xA0FB71,CWeather::LightningFlash
0xA10B68,0xA0FB72,bWhiteScanLines
0xA10B69,0xA0FB73,bGrnScanLines
0xA10B6B,0xA0FB75,CClock::ms_nGameClockHours
0xA10B6D,0xA0FB77,bIsMissionReturnTaxi
0xA10B6E,0xA0FB78,bForceQuit
0xA10B70,0xA0FB7A,bProcessVehicleWheels
0xA10B72,0xA0FB7C,CWeather::LightningBurst
0xA10B75,0xA0FB7F,bAlwaysSplitTxdLoad
0xA10B76,0xA0FB80,CTimer::m_CodePause
0xA10B7E,0xA0FB88,JustLoadedDontFadeInYet
0xA10B80,0xA0FB8A,bFastTime
0xA10B81,0xA0FB8B,bChtSeaways
0xA10B82,0xA0FB8C,bChtBlackCars
0xA10B83,0xA0FB8D,bTransTextBox
0xA10B87,0xA0FB91,gbFastTime
0xA10B8A,0xA0FB94,DMAudio
0xA10B8D,0xA0FB97,CGame::playingIntro
0xA10B92,0xA0FB9C,CClock::ms_nGameClockMinutes
0xA10B95,0xA0FB9F,CGame::frenchGame
0xA10B96,0xA0FBA0,bNotProcessingCols
0xA10B98,0xA0FBA2,CRecordDataForChase::Status
0xA10B99,0xA0FBA3,CGame::noProstitutes
0xA10B9C,0xA0FBA6,bShowCredits
0xA10B9D,0xA0FBA7,_ZN10CSceneEdit16m_bActorSelectedE_ptr
